[
  {
    "title": "AI Readiness in Enterprise Insurance: An Executive Framework for Distribution, Data, and Governance",
    "slug": "ai-readiness-framework-enterprise-insurance-distribution-data-governance",
    "kind": "resource",
    "hasImage": true
  },
  {
    "title": "Insurance Distribution Productivity Gap Audit Tool (Captive, Broker, and Hybrid Channels)",
    "slug": "insurance-distribution-productivity-gap-audit-tool",
    "kind": "resource",
    "hasImage": true
  },
  {
    "title": "Executive Playbook: Using Conversation Intelligence to Drive Insurance Sales Performance",
    "slug": "conversation-intelligence-insurance-sales-executive-playbook",
    "kind": "resource",
    "hasImage": true
  },
  {
    "title": "AI Governance Blueprint for Regulated Insurance Distribution (Executive Resource)",
    "slug": "ai-governance-blueprint-regulated-insurance-distribution",
    "kind": "resource",
    "hasImage": true
  },
  {
    "title": "Architecture Guide: Integrating Revenue Intelligence Across Enterprise Insurance Distribution",
    "slug": "architecture-guide-integrating-revenue-intelligence-enterprise-insurance-distribution",
    "kind": "resource",
    "hasImage": true
  },
  {
    "title": "An Executive Roadmap for Insurance CMOs: Implementing AI Initiatives with Revenue Intelligence, Compliance, and Governance",
    "slug": "insurance-cmo-ai-roadmap-revenue-intelligence-compliance-governance",
    "kind": "resource",
    "hasImage": true
  },
  {
    "title": "Intelligence-Led Growth in Insurance Distribution: Building Strategic Moats with AI and Conversation-Level Revenue Data",
    "slug": "intelligence-led-growth-insurance-distribution-strategic-moats",
    "kind": "resource",
    "hasImage": true
  }
]