[
  {
    "title": "The AI Revenue Shift in Insurance: A CMO’s Playbook for Distribution Performance (Part 1) — Why AI Initiatives Stall in the Field",
    "slug": "ai-revenue-shift-insurance-part-1-why-ai-initiatives-stall",
    "kind": "blog",
    "hasImage": true
  },
  {
    "title": "Part 2: The Hidden Tax on Insurance Distribution—Where Productivity Disappears in Plain Sight",
    "slug": "ai-revenue-shift-insurance-part-2-hidden-tax-distribution-productivity",
    "kind": "blog",
    "hasImage": true
  },
  {
    "title": "Part 3: Conversation Intelligence as Distribution Infrastructure (Not an Enablement Add-On)",
    "slug": "ai-revenue-shift-insurance-part-3-conversation-intelligence-distribution-infrastructure",
    "kind": "blog",
    "hasImage": true
  },
  {
    "title": "The AI Revenue Shift in Insurance (Part 4): Governance Is the Growth Strategy",
    "slug": "ai-revenue-shift-insurance-part-4-governance-is-the-growth-strategy",
    "kind": "blog",
    "hasImage": true
  },
  {
    "title": "Part 5: The CMO as Chief Revenue Intelligence Officer—Turning Insurance Conversations into Sustainable Distribution Advantage",
    "slug": "ai-revenue-shift-insurance-part-5-cmo-revenue-intelligence",
    "kind": "blog",
    "hasImage": true
  }
]