[
  {
    "title": "How to Choose the Right EMS Partner, Part 1: Why Collaboration Matters in Electronics Manufacturing",
    "slug": "choose-right-ems-partner-part-1-collaboration",
    "kind": "blog",
    "hasImage": true
  },
  {
    "title": "Part 2: Scaling from Prototype to Production Without Costly Surprises",
    "slug": "prototype-to-production-pitfalls-scaling-ems-part-2",
    "kind": "blog",
    "hasImage": true
  },
  {
    "title": "Why the Lowest EMS Bid Often Costs More: A Practical Guide to Total Cost of Ownership",
    "slug": "why-lowest-ems-bid-often-costs-more-total-cost-of-ownership",
    "kind": "blog",
    "hasImage": true
  }
]