[
  {
    "title": "The AI Revenue Shift: A CMO’s Playbook for Enterprise Sales Productivity (Part 1) — Why Most AI Initiatives Stall Before They Change Rep Productivity",
    "slug": "the-ai-revenue-shift-part-1-why-most-ai-initiatives-stall-before-they-change-rep-productivity",
    "kind": "blog",
    "hasImage": true
  },
  {
    "title": "The AI Revenue Shift: A CMO’s Playbook for Enterprise Sales Productivity (Part 2) — Why Most “AI Adoption” Efforts Stall in Enterprise Revenue Teams",
    "slug": "ai-revenue-shift-part-2-why-ai-adoption-stalls-enterprise-revenue-teams",
    "kind": "blog",
    "hasImage": true
  },
  {
    "title": "The AI Revenue Shift: A CMO’s Playbook for Enterprise Sales Productivity (Part 3) — The Enterprise Productivity Gap No One Can See",
    "slug": "ai-revenue-shift-part-3-enterprise-productivity-gap-distributed-sales",
    "kind": "blog",
    "hasImage": true
  },
  {
    "title": "The AI Revenue Shift (Part 4): From Sales Enablement Tools to Revenue Intelligence Infrastructure",
    "slug": "ai-revenue-shift-part-4-enablement-to-revenue-intelligence-infrastructure",
    "kind": "blog",
    "hasImage": true
  },
  {
    "title": "The AI Revenue Shift (Part 5): Governance That Lets Revenue AI Scale Without Becoming a Compliance Liability",
    "slug": "ai-revenue-shift-part-5-ai-governance-regulated-enterprises",
    "kind": "blog",
    "hasImage": true
  }
]