[
  {
    "title": "The 2026 Labor Market Outlook: Shifts HR Leaders Should Prepare for Now",
    "slug": "2026-labor-market-outlook-shifts-hr-leaders-prepare",
    "kind": "blog",
    "hasImage": true
  },
  {
    "title": "AI in Recruiting Is Changing the Rules—Here’s How Job Seekers Can Adapt (and Stand Out)",
    "slug": "ai-in-recruiting-how-job-seekers-can-adapt",
    "kind": "blog",
    "hasImage": true
  },
  {
    "title": "Hiring for Remote, Hybrid, and Flexible Work in 2026: A Practical Playbook for Employers and Job Seekers",
    "slug": "hiring-strategies-remote-hybrid-flexible-work-2026",
    "kind": "blog",
    "hasImage": true
  },
  {
    "title": "Beyond the Resume: What Hiring Managers Really Evaluate in 2026",
    "slug": "beyond-the-resume-what-hiring-managers-really-evaluate-2026",
    "kind": "blog",
    "hasImage": true
  },
  {
    "title": "How to Prevent Costly Hiring Mistakes in 2026 (and Build a Recruiting Process That Works)",
    "slug": "prevent-costly-hiring-mistakes-2026",
    "kind": "blog",
    "hasImage": true
  }
]